Username,UserEmail,UserPassword
TestUser1,testuser1@abc.com,admin
TestUser2,testuser2@abc.com,admin
TestUser3,testuser3@abc.com,admin
TestUser4,testuser4@abc.com,admin
TestUser5,testuser5@abc.com,admin
TestUser6,testuser6@abc.com,admin
TestUser7,testuser7@abc.com,admin
TestUser8,testuser8@abc.com,admin
TestUser9,testuser9@abc.com,admin
TestUser10,testuser10@abc.com,admin
TestUser11,testuser11@abc.com,admin
TestUser12,testuser12@abc.com,admin
TestUser13,testuser13@abc.com,admin
TestUser14,testuser14@abc.com,admin
TestUser15,testuser15@abc.com,admin
TestUser16,testuser16@abc.com,admin
TestUser17,testuser17@abc.com,admin
TestUser18,testuser18@abc.com,admin
TestUser19,testuser19@abc.com,admin
TestUser20,testuser20@abc.com,admin
TestUser21,testuser21@abc.com,admin
TestUser22,testuser22@abc.com,admin
TestUser23,testuser23@abc.com,admin
TestUser24,testuser24@abc.com,admin
TestUser25,testuser25@abc.com,admin
TestUser26,testuser26@abc.com,admin
TestUser27,testuser27@abc.com,admin
TestUser28,testuser28@abc.com,admin
TestUser29,testuser29@abc.com,admin
TestUser30,testuser30@abc.com,admin
TestUser31,testuser31@abc.com,admin
TestUser32,testuser32@abc.com,admin
TestUser33,testuser33@abc.com,admin
TestUser34,testuser34@abc.com,admin
TestUser35,testuser35@abc.com,admin
TestUser36,testuser36@abc.com,admin
TestUser37,testuser37@abc.com,admin
TestUser38,testuser38@abc.com,admin
TestUser39,testuser39@abc.com,admin
TestUser40,testuser40@abc.com,admin
TestUser41,testuser41@abc.com,admin
TestUser42,testuser42@abc.com,admin
TestUser43,testuser43@abc.com,admin
TestUser44,testuser44@abc.com,admin
TestUser45,testuser45@abc.com,admin
TestUser46,testuser46@abc.com,admin
TestUser47,testuser47@abc.com,admin
TestUser48,testuser48@abc.com,admin
TestUser49,testuser49@abc.com,admin
TestUser50,testuser50@abc.com,admin
TestUser51,testuser51@abc.com,admin
TestUser52,testuser52@abc.com,admin
TestUser53,testuser53@abc.com,admin
TestUser54,testuser54@abc.com,admin
TestUser55,testuser55@abc.com,admin
TestUser56,testuser56@abc.com,admin
TestUser57,testuser57@abc.com,admin
TestUser58,testuser58@abc.com,admin
TestUser59,testuser59@abc.com,admin
TestUser60,testuser60@abc.com,admin
TestUser61,testuser61@abc.com,admin
TestUser62,testuser62@abc.com,admin
TestUser63,testuser63@abc.com,admin
TestUser64,testuser64@abc.com,admin
TestUser65,testuser65@abc.com,admin
TestUser66,testuser66@abc.com,admin
TestUser67,testuser67@abc.com,admin
TestUser68,testuser68@abc.com,admin
TestUser69,testuser69@abc.com,admin
TestUser70,testuser70@abc.com,admin
TestUser71,testuser71@abc.com,admin
TestUser72,testuser72@abc.com,admin
TestUser73,testuser73@abc.com,admin
TestUser74,testuser74@abc.com,admin
TestUser75,testuser75@abc.com,admin
TestUser76,testuser76@abc.com,admin
TestUser77,testuser77@abc.com,admin
TestUser78,testuser78@abc.com,admin
TestUser79,testuser79@abc.com,admin
TestUser80,testuser80@abc.com,admin
TestUser81,testuser81@abc.com,admin
TestUser82,testuser82@abc.com,admin
TestUser83,testuser83@abc.com,admin
TestUser84,testuser84@abc.com,admin
TestUser85,testuser85@abc.com,admin
TestUser86,testuser86@abc.com,admin
TestUser87,testuser87@abc.com,admin
TestUser88,testuser88@abc.com,admin
TestUser89,testuser89@abc.com,admin
TestUser90,testuser90@abc.com,admin
TestUser91,testuser91@abc.com,admin
TestUser92,testuser92@abc.com,admin
TestUser93,testuser93@abc.com,admin
TestUser94,testuser94@abc.com,admin
TestUser95,testuser95@abc.com,admin
TestUser96,testuser96@abc.com,admin
TestUser97,testuser97@abc.com,admin
TestUser98,testuser98@abc.com,admin
TestUser99,testuser99@abc.com,admin
TestUser100,testuser100@abc.com,admin
